date,court,status,docket,case_name,description,page_url,pdf_url,zip_url,downloaded_pdf,downloaded_zip,download_status
"March 17, 2026",Business Court,Published,",","ASSURANCE GRP., LLC v. SHACKELFORD, 2026 NCBC 23",ORDER AND OPINION ON PLAINTIFF'S MOTION TO STRIKE AND MOTION TO DISMISS AMENDED COUNTERCLAIMS,https://www.nccourts.gov/documents/business-court-opinions/assurance-grp-llc-v-shackelford-2026-ncbc-23,https://www.nccourts.gov/assets/documents/opinions/2026%20NCBC%2023.pdf?VersionId=bhoXt5I9exYJbCkYLpenjWXmF1Ec5iLg,,pdf:ok,,pdf:ok
"March 13, 2026",Business Court,Published,",","JKH CAP., LLC v. TANGLEWOOD OWNERS, LLC, 2026 NCBC 22",ORDER AND OPINION ON ADDISON PARTNERS' AMENDED MOTION TO DISMISS,https://www.nccourts.gov/documents/business-court-opinions/jkh-cap-llc-v-tanglewood-owners-llc-2026-ncbc-22,https://www.nccourts.gov/assets/documents/opinions/2026%20NCBC%2022_0.pdf?VersionId=1K5zYUJ9_X7eKK94fyqLtAef9vVVdsfX,,pdf:ok,,pdf:ok
"March 11, 2026",Business Court,Published,",","PCS PHOSPHATE CO. v. JACOBS ENG'G GRP., INC., 2026 NCBC 21","ORDER AND OPINION ON DEFENDANT JACOBS ENGINEERING GROUP, INC.'S MOTION TO DISMISS",https://www.nccourts.gov/documents/business-court-opinions/pcs-phosphate-co-v-jacobs-engg-grp-inc-2026-ncbc-21,https://www.nccourts.gov/assets/documents/opinions/2026%20NCBC%2021.pdf?VersionId=KUfQ8tlcsn06xwTSXAjrKFWy02lBpiGN,,pdf:ok,,pdf:ok
"March 10, 2026",Business Court,Published,",","ORDOÑEZ CORDERO v. ORDOÑEZ CORDERO, 2026 NCBC 20",ORDER AND OPINION ON DEFENDANT'S MOTION TO DISMISS,https://www.nccourts.gov/documents/business-court-opinions/ordonez-cordero-v-ordonez-cordero-2026-ncbc-20,https://www.nccourts.gov/assets/documents/opinions/2026%20NCBC%2020.pdf?VersionId=52iawt7MGuzW_O4CqTkEQJPCUI2l7yze,,pdf:ok,,pdf:ok
"March 9, 2026",Business Court,Published,",","LONDRY v. STREAM REALTY PARTNERS, L.P., 2026 NCBC 19",ORDER AND OPINION ON DEFENDANTS' MOTION FOR LIMITED RECONSIDERATION,https://www.nccourts.gov/documents/business-court-opinions/londry-v-stream-realty-partners-lp-2026-ncbc-19,https://www.nccourts.gov/assets/documents/opinions/2026%20NCBC%2019.pdf?VersionId=Yob8k5NKbTrfGi6s93N2uCbpwjsQLYgB,,pdf:ok,,pdf:ok
"March 4, 2026",Business Court,Published,",","JEKSON USA, INC. v. WHITE, 2026 NCBC 18",ORDER AND OPINION ON DEFENDANT'S MOTION TO DISMISS,https://www.nccourts.gov/documents/business-court-opinions/jekson-usa-inc-v-white-2026-ncbc-18,https://www.nccourts.gov/assets/documents/opinions/2026%20NCBC%2018.pdf?VersionId=HuAK2igSZvMgMhRY0FrXOpPx9sPtDfrO,,pdf:ok,,pdf:ok
"March 3, 2026",Business Court,Published,",","WATTS GUERRA LLC v. SERIES 1 OF OXFORD INS. CO. NC LLC, 2026 NCBC 17",ORDER AND OPINION ON DEFENDANT'S MOTION TO DISMISS,https://www.nccourts.gov/documents/business-court-opinions/watts-guerra-llc-v-series-1-of-oxford-ins-co-nc-llc-2026-ncbc-17,https://www.nccourts.gov/assets/documents/opinions/2026%20NCBC%2017.pdf?VersionId=mTMpcyUY5Jgh8FT8_SlCH2XQcps1Koxs,,pdf:ok,,pdf:ok
"February 27, 2026",Business Court,Published,",","LUCAS v. HOPPER, 2026 NCBC 16",SECOND ORDER AND OPINION ON DEFENDANTS' MOTION FOR SUMMARY JUDGMENT,https://www.nccourts.gov/documents/business-court-opinions/lucas-v-hopper-2026-ncbc-16,https://www.nccourts.gov/assets/documents/opinions/2026%20NCBC%2016.pdf?VersionId=lh2fFpz0PM4I0rZklE1_ULlDrjcWJYck,,pdf:ok,,pdf:ok
"February 19, 2026",Business Court,Published,",","PCS PHOSPHATE CO. v. JACOBS ENG'G GRP., INC., 2026 NCBC 15","ORDER AND OPINION ON DEFENDANT BUSS CHEMTECH AG'S MOTION TO TRANSFER OR, IN THE ALTERNATIVE, DISMISS",https://www.nccourts.gov/documents/business-court-opinions/pcs-phosphate-co-v-jacobs-engg-grp-inc-2026-ncbc-15,https://www.nccourts.gov/assets/documents/opinions/2026%20NCBC%2015.pdf?VersionId=99ohp.Khu9o2cjj8EsTz0vfRwYD2kg1p,,pdf:ok,,pdf:ok
"February 17, 2026",Business Court,Published,",","MEZCALITO APEX, INC. v. MURILLO, 2026 NCBC 14",ORDER AND OPINION ON DEFENDANT'S MOTION TO DISMISS,https://www.nccourts.gov/documents/business-court-opinions/mezcalito-apex-inc-v-murillo-2026-ncbc-14,https://www.nccourts.gov/assets/documents/opinions/2026%20NCBC%2014.pdf?VersionId=CIOenTJaLdd5_noqDlwstQj4ArBCJGYq,,pdf:ok,,pdf:ok
"February 12, 2026",Business Court,Published,",","TOWN OF CARRBORO v. DUKE ENERGY CORP., 2026 NCBC 13",ORDER AND OPINION ON DEFENDANT DUKE ENERGY CORPORATION'S MOTIONS TO DISMISS,https://www.nccourts.gov/documents/business-court-opinions/town-of-carrboro-v-duke-energy-corp-2026-ncbc-13,https://www.nccourts.gov/assets/documents/opinions/2026%20NCBC%2013.pdf?VersionId=n0Ud3kCGKqPbEOIO4F66ekxpkWkpghui,,pdf:ok,,pdf:ok
"February 11, 2026",Business Court,Published,",","WEATHERSPOON FAM. LLC v. HATTERAS INV. PARTNERS, L.P., 2026 NCBC 12",ORDER AND OPINION ON DEFENDANTS' MOTION TO DISMISS PLAINTIFF'S FIRST AMENDED COMPLAINT,https://www.nccourts.gov/documents/business-court-opinions/weatherspoon-fam-llc-v-hatteras-inv-partners-lp-2026-ncbc-12,https://www.nccourts.gov/assets/documents/opinions/2026%20NCBC%2012.pdf?VersionId=t6S.u3lV3T_193JgBcS557S.WUqskwpj,,pdf:ok,,pdf:ok
"February 11, 2026",Business Court,Published,",","WP CHURCH, LLC v. WHALEN, 2026 NCBC 11",ORDER AND OPINION ON DEFENDANT'S MOTION TO DISMISS,https://www.nccourts.gov/documents/business-court-opinions/wp-church-llc-v-whalen-2026-ncbc-11,https://www.nccourts.gov/assets/documents/opinions/2026%20NCBC%2011.pdf?VersionId=3r.n8W4rfyfKzZgsxaFw4TUEdvnG867o,,pdf:ok,,pdf:ok
"February 11, 2026",Business Court,Published,",","APEX HEALTH, INC. v. ATRIUM HEALTH, INC., 2026 NCBC 10",ORDER AND OPINION ON PLAINTIFFS' MOTION FOR LEAVE TO FILE FIRST AMENDED COMPLAINT,https://www.nccourts.gov/documents/business-court-opinions/apex-health-inc-v-atrium-health-inc-2026-ncbc-10,https://www.nccourts.gov/assets/documents/opinions/2026%20NCBC%2010.pdf?VersionId=FsFghxh_g81n.hT6EnmJVazujuaAhypA,,pdf:ok,,pdf:ok
"February 9, 2026",Business Court,Published,",","HUGHES v. JBS VENTURES, LLC, 2026 NCBC 9",ORDER AND OPINION ON DEFENDANTS' MOTION FOR JUDGMENT ON THE PLEADINGS,https://www.nccourts.gov/documents/business-court-opinions/hughes-v-jbs-ventures-llc-2026-ncbc-9,https://www.nccourts.gov/assets/documents/opinions/2026%20NCBC%209.pdf?VersionId=YO6EEcmoc4qS.CoBNbOcntb4u9YRvCF.,,pdf:ok,,pdf:ok
"February 6, 2026",Business Court,Published,",","CHILD CARE INC. v. LJ SCHS. (CAROLINA), INC., 2026 NCBC 8",ORDER AND OPINION ON PLAINTIFFS' AND DEFENDANT'S MOTIONS FOR SUMMARY JUDGMENT,https://www.nccourts.gov/documents/business-court-opinions/child-care-inc-v-lj-schs-carolina-inc-2026-ncbc-8,https://www.nccourts.gov/assets/documents/opinions/2026%20NCBC%208.pdf?VersionId=vX720LJry4L4qBdhVAF4DHRJJyg6Ndq2,,pdf:ok,,pdf:ok
"January 23, 2026",Business Court,Published,",","CHARLES SCHWAB & CO. v. MARILLEY, 2026 NCBC 7","ORDER AND OPINION ON DEFENDANT LAUREN MARILLEY'S MOTION FOR SUMMARY JUDGMENT, DEFENDANT PETER MARILLEY'S MOTION FOR LEAVE TO AMEND, AND PLAINTIFF CHARLES SCHWAB'S MOTION FOR INTERPLEADER, DISCHARGE, AND DISMISSAL",https://www.nccourts.gov/documents/business-court-opinions/charles-schwab-co-v-marilley-2026-ncbc-7,https://www.nccourts.gov/assets/documents/opinions/2026%20NCBC%207_3.pdf?VersionId=a2bRIbyf5q0ck5HC0gGnKK9aYF6QBI0W,,pdf:ok,,pdf:ok
"January 23, 2026",Business Court,Published,",","MOORE v. BROOKS, 2026 NCBC 6",ORDER AND OPINION ON DEFENDANT BROOKS'S MOTION TO DISMISS,https://www.nccourts.gov/documents/business-court-opinions/moore-v-brooks-2026-ncbc-6,https://www.nccourts.gov/assets/documents/opinions/2026%20NCBC%206.pdf?VersionId=YHmoyiHXD.6WkLfL886REiVBuP_T0YSR,,pdf:ok,,pdf:ok
"January 21, 2026",Business Court,Published,",","N.C. DEP'T OF REVENUE v. ASPHALT EMULSION INDUS., LLC, 2026 NCBC 5",ORDER AND OPINION ON PETITION FOR JUDICIAL REVIEW,https://www.nccourts.gov/documents/business-court-opinions/nc-dept-of-revenue-v-asphalt-emulsion-indus-llc-2026-ncbc-5,https://www.nccourts.gov/assets/documents/opinions/2026%20NCBC%205.pdf?VersionId=lxK6gFYzzEunsR45T5_CEt_mbYfC4rFi,,pdf:ok,,pdf:ok
"January 21, 2026",Business Court,Published,",","LAW OFF. OF ASHLEY-NICOLE RUSSELL, P.A. v. MCLAWHORN LEGAL SERVS. PLLC, 2026 NCBC 4","ORDER AND OPINION ON DEFENDANTS' AMENDED MOTION TO DISMISS AND, IN THE ALTERNATIVE, MOTION TO STAY",https://www.nccourts.gov/documents/business-court-opinions/law-off-of-ashley-nicole-russell-pa-v-mclawhorn-legal-servs-pllc-2026-ncbc-4,https://www.nccourts.gov/assets/documents/opinions/2026%20NCBC%204.pdf?VersionId=bnD67_7EwGQ2jYsVDHePX4FSAUgWlcav,,pdf:ok,,pdf:ok
"January 21, 2026",Business Court,Published,",","BUI v. PHAN, 2026 NCBC 3","FINDINGS OF FACT, CONCLUSIONS OF LAW, AND JUDGMENT FOLLOWING BENCH TRIAL",https://www.nccourts.gov/documents/business-court-opinions/bui-v-phan-2026-ncbc-3,https://www.nccourts.gov/assets/documents/opinions/2026%20NCBC%203.pdf?VersionId=wrpmqRFuTeW7I7DOnfnPLE9CAjC2aYyR,,pdf:ok,,pdf:ok
"January 16, 2026",Business Court,Published,",","STATE EX REL. JACKSON v. MV REALTY PBC, LLC, 2026 NCBC 2",ORDER AND OPINION ON PLAINTIFF'S PARTIAL MOTION FOR SUMMARY JUDGMENT AND PLAINTIFF'S MOTION TO STRIKE,https://www.nccourts.gov/documents/business-court-opinions/state-ex-rel-jackson-v-mv-realty-pbc-llc-2026-ncbc-2,https://www.nccourts.gov/assets/documents/opinions/2026%20NCBC%202.pdf?VersionId=.acsQqeTf6bxU4IRGFXqtd2IRPuaM8JM,,pdf:ok,,pdf:ok
"January 14, 2026",Business Court,Published,",","LUCAS v. HOPPER, 2026 NCBC 1","ORDER AND OPINION ON DEFENDANTS' MOTION FOR SUMMARY JUDGMENT, DEFENDANTS' MOTION FOR JUDGMENT ON THE PLEADINGS, AND DEFENDANTS' MOTION TO STRIKE THE AFFIDAVIT OF ANDREW LUCAS",https://www.nccourts.gov/documents/business-court-opinions/lucas-v-hopper-2026-ncbc-1,https://www.nccourts.gov/assets/documents/opinions/2026%20NCBC%201.pdf?VersionId=CFtJqbpiBU.7eT3mYUSrXDnntHWcXOov,,pdf:ok,,pdf:ok
"December 29, 2025",Business Court,Published,",","EVERGREEN BUILDER SOLS., LLC v. TAYLOR, 2025 NCBC 77",ORDER AND OPINION ON DEFENDANTS' MOTIONS TO DISMISS,https://www.nccourts.gov/documents/business-court-opinions/evergreen-builder-sols-llc-v-taylor-2025-ncbc-77,https://www.nccourts.gov/assets/documents/opinions/2025%20NCBC%2077.pdf?VersionId=c35FgO1lDMboAZwjByLqZuQcNZQ8Sljc,,pdf:ok,,pdf:ok
"December 29, 2025",Business Court,Published,",","KAYSER-ROTH CORP. v. GALLOTTI, 2025 NCBC 76",ORDER AND OPINION ON PLAINTIFF'S MOTION FOR PARTIAL DISMISSAL OF DEFENDANT'S AMENDED COUNTERCLAIMS,https://www.nccourts.gov/documents/business-court-opinions/kayser-roth-corp-v-gallotti-2025-ncbc-76,https://www.nccourts.gov/assets/documents/opinions/2025%20NCBC%2076.pdf?VersionId=OYMicYJFngNFaczZYctxJWzFHt6MpzrA,,pdf:ok,,pdf:ok
"December 15, 2025",Business Court,Published,",","BOX CO. OF AM. v. BOSTICK, 2025 NCBC 75",ORDER AND OPINION ON DEFENDANT'S MOTION TO DISMISS,https://www.nccourts.gov/documents/business-court-opinions/box-co-of-am-v-bostick-2025-ncbc-75,https://www.nccourts.gov/assets/documents/opinions/2025%20NCBC%2075.pdf?VersionId=GTQjTRf.ykHKKiN0QvO_K.x805NpOW3P,,pdf:ok,,pdf:ok
"December 8, 2025",Business Court,Published,",","CHERRY v. MAUCK, 2025 NCBC 74",ORDER AND OPINION ON MOTIONS FOR SUMMARY JUDGMENT,https://www.nccourts.gov/documents/business-court-opinions/cherry-v-mauck-2025-ncbc-74,https://www.nccourts.gov/assets/documents/opinions/2025%20NCBC%2074.pdf?VersionId=FwSWKJ.9VtTn4Zw.ETwiHEufdfTtBFqy,,pdf:ok,,pdf:ok
"November 25, 2025",Business Court,Published,",","ESTEVEZ v. C&S COM., LLC, 2025 NCBC 73",ORDER AND OPINION ON DEFENDANTS' PARTIAL MOTION TO DISMISS,https://www.nccourts.gov/documents/business-court-opinions/estevez-v-cs-com-llc-2025-ncbc-73,https://www.nccourts.gov/assets/documents/opinions/2025%20NCBC%2073.pdf?VersionId=iYRZ3Nc0b.M_jgoDm6fTvIGYA_VBYxrK,,pdf:ok,,pdf:ok
"November 17, 2025",Business Court,Published,",","WHOLE FOODS MKT. GRP., INC. v. CBL-FRIENDLY CTR. CMBS, LLC, 2025 NCBC 72",ORDER AND OPINION ON DEFENDANTS' MOTIONS TO DISMISS,https://www.nccourts.gov/documents/business-court-opinions/whole-foods-mkt-grp-inc-v-cbl-friendly-ctr-cmbs-llc-2025-ncbc-72,https://www.nccourts.gov/assets/documents/opinions/2025%20NCBC%2072.pdf?VersionId=rlRk5L2PQejjXSGjfZRoU07zX_k.6xpT,,pdf:ok,,pdf:ok
"November 17, 2025",Business Court,Published,",","WEDDLE v. WAKEMED HEALTH & HOSPS., 2025 NCBC 71",ORDER AND OPINION ON MOTION FOR FINAL APPROVAL OF CLASS-ACTION SETTLEMENT AND PETITION FOR ATTORNEYS' FEES,https://www.nccourts.gov/documents/business-court-opinions/weddle-v-wakemed-health-hosps-2025-ncbc-71,https://www.nccourts.gov/assets/documents/opinions/2025%20NCBC%2071.pdf?VersionId=kM3bOU6eQqb6O5yWPBPl_YNvhgWHmYDQ,,pdf:ok,,pdf:ok
"November 14, 2025",Business Court,Published,",","FRED SMITH CO. v. SMITH, 2025 NCBC 70",ORDER AND OPINION ON DEFENDANT'S MOTION TO DISMISS THE COMPLAINT,https://www.nccourts.gov/documents/business-court-opinions/fred-smith-co-v-smith-2025-ncbc-70,https://www.nccourts.gov/assets/documents/opinions/2025%20NCBC%2070.pdf?VersionId=sB4JOGBGQ12NyGu0b7DYpJY1v2oxtfNT,,pdf:ok,,pdf:ok
"November 7, 2025",Business Court,Published,",","MOORE v. BROOKS, 2025 NCBC 69",ORDER AND OPINION ON MOTION TO DISMISS,https://www.nccourts.gov/documents/business-court-opinions/moore-v-brooks-2025-ncbc-69,https://www.nccourts.gov/assets/documents/opinions/2025%20NCBC%2069.pdf?VersionId=AXyPxTbIISoBRte.RDockqGdZWjFNDiN,,pdf:ok,,pdf:ok
"November 4, 2025",Business Court,Published,",","BRITCHER v. ASSURANCE GRP., LLC, 2025 NCBC 68",ORDER AND OPINION ON DEFENDANT'S MOTION TO DISMISS,https://www.nccourts.gov/documents/business-court-opinions/britcher-v-assurance-grp-llc-2025-ncbc-68,https://www.nccourts.gov/assets/documents/opinions/2025%20NCBC%2068.pdf?VersionId=yMl7_V9ooJsX9XtWYpQUWV7Q7U22lXl0,,pdf:ok,,pdf:ok
"October 31, 2025",Business Court,Published,",","ASPEN SPECIALTY INS. CO. v. NUCOR CORP., 2025 NCBC 67",ORDER AND OPINION ON CROSS-MOTIONS FOR SUMMARY JUDGMENT AND PLAINTIFFS' MOTION TO STRIKE LEVANDUSKI DECLARATION [PUBLIC],https://www.nccourts.gov/documents/business-court-opinions/aspen-specialty-ins-co-v-nucor-corp-2025-ncbc-67,https://www.nccourts.gov/assets/documents/opinions/2025%20NCBC%2067.pdf?VersionId=.6YRmxh79.jBs0DUH615QgmKRGs__zKJ,,pdf:ok,,pdf:ok
"October 27, 2025",Business Court,Published,",","TANGER PROPS. LTD. P'SHIP v. ACE AM. INS. CO., 2025 NCBC 66",ORDER AND OPINION ON DEFENDANTS' JOINT MOTION TO DISMISS,https://www.nccourts.gov/documents/business-court-opinions/tanger-props-ltd-pship-v-ace-am-ins-co-2025-ncbc-66,https://www.nccourts.gov/assets/documents/opinions/2025%20NCBC%2066.pdf?VersionId=zo6aueZ2ewcpnQosK.Yo0EBh0XCUAxAd,,pdf:ok,,pdf:ok
"October 22, 2025",Business Court,Published,",","RUCKER v. KUBLER, 2025 NCBC 65","ORDER AND OPINION ON DEFENDANT STEELPOOL, INC.'S MOTION TO DISMISS",https://www.nccourts.gov/documents/business-court-opinions/rucker-v-kubler-2025-ncbc-65,https://www.nccourts.gov/assets/documents/opinions/2025%20NCBC%2065.pdf?VersionId=XFegM74iuPL88HmJ89xRn_0dv6ML7MyF,,pdf:ok,,pdf:ok
"October 16, 2025",Business Court,Published,",","RFACTR, INC. v. MCDOWELL, 2025 NCBC 64",ORDER AND OPINION ON MOTION BY DEFENDANTS CHRIS MCDOWELL AND CAROLINE MCDOWELL FOR SUMMARY JUDGMENT ON THEIR DEFAMATION CLAIMS,https://www.nccourts.gov/documents/business-court-opinions/rfactr-inc-v-mcdowell-2025-ncbc-64,https://www.nccourts.gov/assets/documents/opinions/2025%20NCBC%2064.pdf?VersionId=SwZmTFU_1PiyOMHTS98lc7Be1jzD_b.A,,pdf:ok,,pdf:ok
"October 15, 2025",Business Court,Published,",","TILLER v. PHILLIPS, 2025 NCBC 63","ORDER AND OPINION ON PLAINTIFFS' MOTION TO STRIKE, DEFENDANTS' MOTION TO DISMISS, AND NOMINAL DEFENDANT'S MOTIONS TO DISMISS",https://www.nccourts.gov/documents/business-court-opinions/tiller-v-phillips-2025-ncbc-63,https://www.nccourts.gov/assets/documents/opinions/2025%20NCBC%2063.pdf?VersionId=VFM6ZO6P3p.a9zA1zGo.cDQn8fjvm6nR,,pdf:ok,,pdf:ok
"October 10, 2025",Business Court,Published,",","MEYER v. HATTERAS INV. PARTNERS, L.P., 2025 NCBC 62",ORDER AND OPINION ON DEFENDANTS' MOTION TO DISMISS UNDER RULE 12(B)(1) AND PLAINTIFFS' MOTION FOR VOLUNTARY DISMISSAL WITHOUT PREJUDICE [PUBLIC],https://www.nccourts.gov/documents/business-court-opinions/meyer-v-hatteras-inv-partners-lp-2025-ncbc-62,https://www.nccourts.gov/assets/documents/opinions/2025%20NCBC%2062.pdf?VersionId=yaI5TigylH1uifWi5w449x6ne4tpE6BU,,pdf:ok,,pdf:ok
"October 8, 2025",Business Court,Published,",","CAROLINA MED. PARTNERS, PLLC v. SHAH, 2025 NCBC 61",ORDER AND OPINION ON MOTION TO DISMISS COUNTERLCLAIM,https://www.nccourts.gov/documents/business-court-opinions/carolina-med-partners-pllc-v-shah-2025-ncbc-61,https://www.nccourts.gov/assets/documents/opinions/2025%20NCBC%2061.pdf?VersionId=k50hgQVeFV5kywNmj..OhhJ0eQqGbxeC,,pdf:ok,,pdf:ok
"July 31, 2025",Business Court,Published,",","QIAN v. ZHENG, 2025 NCBC 40",ORDER AND OPINION ON INDIVIDUAL DEFENDANTS' MOTION FOR SANCTIONS AGAINST PLAINTIFFS JIANGANG JIAO AND LINA LI,https://www.nccourts.gov/documents/business-court-opinions/qian-v-zheng-2025-ncbc-40,https://www.nccourts.gov/assets/documents/opinions/2025%20NCBC%2040.pdf?VersionId=39xrewMGlhTmTsTyAe6Dk1CtyCxPwkTb,,pdf:ok,,pdf:ok
"July 30, 2025",Business Court,Published,",","ORANGE PEEL EVENTS, LLC v. NINJA BREWING, INC., 2025 NCBC 39",ORDER AND OPINION ON MOTIONS TO DISMISS,https://www.nccourts.gov/documents/business-court-opinions/orange-peel-events-llc-v-ninja-brewing-inc-2025-ncbc-39,https://www.nccourts.gov/assets/documents/opinions/2025%20NCBC%2039.pdf?VersionId=TiluXTh6TQHV36WHPdYPPyJi1YobqqiL,,pdf:ok,,pdf:ok
"July 30, 2025",Business Court,Published,",","VINCELETTE v. COURT, 2025 NCBC 38",ORDER AND OPINION ON DEFENDANTS' PARTIAL MOTION TO DISMISS PLAINTIFF'S FIRST AMENDED COMPLAINT,https://www.nccourts.gov/documents/business-court-opinions/vincelette-v-court-2025-ncbc-38,https://www.nccourts.gov/assets/documents/opinions/2025%20NCBC%2038.pdf?VersionId=0zAqHvvr_p7pYCNjBgCKhaBO3IC2A999,,pdf:ok,,pdf:ok
"July 29, 2025",Business Court,Published,",","UNITED THERAPEUTICS CORP. v. LIQUIDIA TECHS., INC., 2025 NCBC 37","ORDER AND OPINION ON DEFENDANT LIQUIDIA TECHNOLOGIES, INC.'S MOTION FOR SUMMARY JUDGMENT [PUBLIC]",https://www.nccourts.gov/documents/business-court-opinions/united-therapeutics-corp-v-liquidia-techs-inc-2025-ncbc-37,https://www.nccourts.gov/assets/documents/opinions/2025%20NCBC%2037.pdf?VersionId=tUxGbHy6OmcWRWzDurBoMPdlBBJPS8_2,,pdf:ok,,pdf:ok
"July 25, 2025",Business Court,Published,",","PRIDGEN v. CARLSON, 2025 NCBC 36","ORDER AND OPINION ON DEFENDANTS ROY NEIL CARLSON AND CARLSON FINANCIAL SERVICES, LLC'S MOTION TO DISMISS AND DEFENDANT G.A. REPPLE & COMPANY'S MOTION TO DISMISS IN LIEU OF ANSWER",https://www.nccourts.gov/documents/business-court-opinions/pridgen-v-carlson-2025-ncbc-36,https://www.nccourts.gov/assets/documents/opinions/2025%20NCBC%2036.pdf?VersionId=SiN3Y_8KPdE1gslPb8qQ80ZAQwiv_vxx,,pdf:ok,,pdf:ok
"July 23, 2025",Business Court,Published,",","COMPASS TAX SERVS. LLC v. KARKI, 2025 NCBC 35",OPINION AND FINAL JUDGMENT,https://www.nccourts.gov/documents/business-court-opinions/compass-tax-servs-llc-v-karki-2025-ncbc-35,https://www.nccourts.gov/assets/documents/opinions/2025%20NCBC%2035.pdf?VersionId=RG6UNN3DgcecTVdAY9o.h8kx_k17Z6_o,,pdf:ok,,pdf:ok
"July 23, 2025",Business Court,Published,",","VALUE HEALTH SOLS. INC. v. PHARM. RSCH. ASSOCS., INC., 2025 NCBC 34",ORDER AND OPINION ON PLAINTIFFS' MOTION TO STRIKE AND DEFENDANTS' MOTION FOR PARTIAL SUMMARY JUDGMENT,https://www.nccourts.gov/documents/business-court-opinions/value-health-sols-inc-v-pharm-rsch-assocs-inc-2025-ncbc-34,https://www.nccourts.gov/assets/documents/opinions/2025%20NCBC%2034.pdf?VersionId=SfTqCPMU23ITg76y5xMnnRRVR8i7TqO7,,pdf:ok,,pdf:ok
"July 15, 2025",Business Court,Published,",","DAPPER DEV., L.L.C. v. CORDELL, 2025 NCBC 33",ORDER AND OPINION ON PLAINTIFFS' MOTION FOR JUDGMENT ON THE PLEADINGS,https://www.nccourts.gov/documents/business-court-opinions/dapper-dev-llc-v-cordell-2025-ncbc-33,https://www.nccourts.gov/assets/documents/opinions/2025%20NCBC%2033.pdf?VersionId=pbhX5bKA9Ow3t7xej5m4PdpL6ep2Ph3h,,pdf:ok,,pdf:ok
"July 9, 2025",Business Court,Published,",","COMIC BOOK CERTIFICATION SERV. LLC v. CBCS OPERATIONS, LLC, 2025 NCBC 32",ORDER AND OPINION ON DEFENDANTS' MOTION TO DISMISS,https://www.nccourts.gov/documents/business-court-opinions/comic-book-certification-serv-llc-v-cbcs-operations-llc-2025-ncbc-32,https://www.nccourts.gov/assets/documents/opinions/2025%20NCBC%2032.pdf?VersionId=dlcfnNREQ1.QjKR8L9mHE2lCQw_8i0uw,,pdf:ok,,pdf:ok
"July 7, 2025",Business Court,Published,",","LONDRY v. STREAM REALTY PARTNERS, L.P., 2025 NCBC 31",ORDER AND OPINION ON MOTIONS FOR SUMMARY JUDGMENT,https://www.nccourts.gov/documents/business-court-opinions/londry-v-stream-realty-partners-lp-2025-ncbc-31,https://www.nccourts.gov/assets/documents/opinions/2025%20NCBC%2031.pdf?VersionId=5a3OG6LV8A7X3uuMnPP56LvkikunokLw,,pdf:ok,,pdf:ok
"July 2, 2025",Business Court,Published,",","ACTION LEARNING ASSOCS., LLC v. KENAN-FLAGLER BUS. SCH. EXEC. EDUC. LLC, 2025 NCBC 30",ORDER AND OPINION ON MOTION TO DISMISS FIRST AMENDED COMPLAINT,https://www.nccourts.gov/documents/business-court-opinions/action-learning-assocs-llc-v-kenan-flagler-bus-sch-exec-educ-llc-2025-ncbc-30,https://www.nccourts.gov/assets/documents/opinions/2025%20NCBC%2030.pdf?VersionId=HFtIe1XbrEbhFJS5_GdOYHDWzGJG.kxj,,pdf:ok,,pdf:ok
"June 19, 2025",Business Court,Published,",","ACCELERANDO, INC. v. RELENTLESS SOLS., INC., 2025 NCBC 29",ORDER AND OPINION ON DEFENDANT ROBERT YODER'S MOTION FOR JUDGMENT ON THE PLEADINGS,https://www.nccourts.gov/documents/business-court-opinions/accelerando-inc-v-relentless-sols-inc-2025-ncbc-29,https://www.nccourts.gov/assets/documents/opinions/2025%20NCBC%2029.pdf?VersionId=icXWWuIEVikIxWaifYirXNkrG0hvJCNN,,pdf:ok,,pdf:ok
"June 19, 2025",Business Court,Published,",","ACCELERANDO, INC. v. RELENTLESS SOLS., INC., 2025 NCBC 28",ORDER AND OPINION ON MOTION TO DISMISS AMENDED COMPLAINT,https://www.nccourts.gov/documents/business-court-opinions/accelerando-inc-v-relentless-sols-inc-2025-ncbc-28,https://www.nccourts.gov/assets/documents/opinions/2025%20NCBC%2028.pdf?VersionId=fOzX4wqXrdyQMzZTgw.3Ww8N2OyM6Op5,,pdf:ok,,pdf:ok
"June 19, 2025",Business Court,Published,",","FIN. CARRIER SERVS. LLC v. KINGPIN CAP. INC., 2025 NCBC 27",ORDER AND OPINION ON MOTION TO DISMISS,https://www.nccourts.gov/documents/business-court-opinions/fin-carrier-servs-llc-v-kingpin-cap-inc-2025-ncbc-27,https://www.nccourts.gov/assets/documents/opinions/2025%20NCBC%2027.pdf?VersionId=b6F9MhhRs2zssN5o.xNxwn7_g_wFXWDK,,pdf:ok,,pdf:ok
"June 10, 2025",Business Court,Published,",","PACKARD v. SEI PRIV. TR. CO., 2025 NCBC 26",ORDER AND OPINION ON DEFENDANT'S MOTION TO DISMISS,https://www.nccourts.gov/documents/business-court-opinions/packard-v-sei-priv-tr-co-2025-ncbc-26,https://www.nccourts.gov/assets/documents/opinions/2025%20NCBC%2026.pdf?VersionId=i7XhTw1zVeL6FCQoma67_qlvty8.cDAS,,pdf:ok,,pdf:ok
"May 27, 2025",Business Court,Published,",","UNITED THERAPEUTICS CORP. v. ROSCIGNO, 2025 NCBC 25",ORDER AND OPINION ON DEFENDANTS' MOTION TO DISMISS,https://www.nccourts.gov/documents/business-court-opinions/united-therapeutics-corp-v-roscigno-2025-ncbc-25,https://www.nccourts.gov/assets/documents/opinions/2025%20NCBC%2025.pdf?VersionId=Yfa8Nj3Roz4U2Flex_HzI4TAU1WfiXaf,,pdf:ok,,pdf:ok
"May 21, 2025",Business Court,Published,",","MOHR PARTNERS, INC. v. ELIOR, INC., 2025 NCBC 24",ORDER AND OPINION ON CROSS-MOTIONS FOR SUMMARY JUDGMENT AND DEFENDANT'S MOTION FOR LEAVE TO AMEND ANSWER,https://www.nccourts.gov/documents/business-court-opinions/mohr-partners-inc-v-elior-inc-2025-ncbc-24,https://www.nccourts.gov/assets/documents/opinions/2025%20NCBC%2024.pdf?VersionId=eCCC9MBV12uzkV6XBkwfbXgBnTJvhki_,,pdf:ok,,pdf:ok
"May 13, 2025",Business Court,Published,",","MARY ANNETTE, LLC v. CRIDER, 2025 NCBC 23","FINDINGS OF FACT, CONCLUSIONS OF LAW, AND JUDGMENT FOLLOWING 1 MAY 2025 BENCH TRIAL [CORRECTED]",https://www.nccourts.gov/documents/business-court-opinions/mary-annette-llc-v-crider-2025-ncbc-23,https://www.nccourts.gov/assets/documents/opinions/2025%20NCBC%2023.pdf?VersionId=62U1tJHz4lkHL1awR1GLLO9vtnclhx7m,,pdf:ok,,pdf:ok
"May 6, 2025",Business Court,Published,",","YODER v. VERM, 2025 NCBC 22",ORDER AND OPINION ON PLAINTIFF'S MOTION FOR PARTIAL SUMMARY JUDGMENT,https://www.nccourts.gov/documents/business-court-opinions/yoder-v-verm-2025-ncbc-22,https://www.nccourts.gov/assets/documents/opinions/2025%20NCBC%2022.pdf?VersionId=NsKchy5ElYXS4QQFeopc0iYQ7hHR17NR,,pdf:ok,,pdf:ok
"April 16, 2025",Business Court,Published,",","JACKSON v. MH MASTER HOLDINGS, LLLP, 2025 NCBC 21",ORDER AND OPINION ON DEFENDANT'S MOTION FOR PARTIAL SUMMARY JUDGMENT,https://www.nccourts.gov/documents/business-court-opinions/jackson-v-mh-master-holdings-lllp-2025-ncbc-21,https://www.nccourts.gov/assets/documents/opinions/2025%20NCBC%2021.pdf?VersionId=AJTKum1KPJolFGBzRuxCmlyGAadQNsvo,,pdf:ok,,pdf:ok
